<?xml version="1.0" encoding="UTF-8"?>
<!DOCTYPE suite SYSTEM "https://testng.org/testng-1.0.dtd">
<suite name="Test case suite e-commerce application">
<!-- <listeners>
        <listener class-name = "QKART_TESTNG.ListenersTestNG"></listener>
</listeners> -->
<parameter name = "TC1_Username" value = "testUser"/>
<parameter name = "TC1_Password" value = "abc@123"/>
    <test name = "Test case execution on ChromeBrowser">
        <parameter name = "TC5_ProductNameToSearchFor" value = "YONEX Smash Badminton Racquet"/>
        <parameter name = "TC5_ProductNameToSearchFor2" value = "Tan Leatherette Weekender Duffle"/>
        <parameter name = "TC5_AddressDetails" value = "Addr line 1 addr Line 2 addr line 3"/>
        <parameter name = "TC6_ProductNameToSearch1" value = "Xtend Smart Watch"/>
        <parameter name = "TC6_ProductNameToSearch2" value = "Yarine Floor Lamp"/>
        <parameter name = "TC7_ProductName" value = "Stylecon 9 Seater RHS Sofa Set"/>
        <parameter name = "TC7_Qty" value = "60"/>
        <groups>
    <run>
     <include name = "Sanity"></include>
     <include name = "Regression"></include>
    </run>
    </groups>
        <packages> 
        <package name = "QKART_TESTNG"/>
        </packages>
    </test> 
</suite>